AnimalID_L,KitID,SampleLocation,Treatment,TreatmentNumber,ResearchNumber,AdditiveScore,OverallArchitecture,MucosalIntegrity,LymphoidImmune,InflammationSeverity,MicrobialOrganisms,SampleID_H,PlateCode,DeltaCq_MUC2,DeltaCq_IL1B,DeltaCq_IL10,SampleID_G,DD_IL10,DD_IL1B,DD_MUC2,RQ_IL10,RQ_IL1B,RQ_MUC2
0077_05F,0077,F,HighCa+MediumAlphaD3,8,,,,,,,,,,,,,,,,,,,
0085_01C,0085,C,MediumLowCa+LowAlphaD3,13,R21-00227,9.5,3.0,3.0,0.5,2.5,0.5,0085_01C-H,20211213_2,1.1772681623094563,4.35256161254954,-0.3565356781617375,0085_01C-G,-0.4629200749770817,-1.5302332488652999,-0.6898546739649836,1.37832879171514,2.88832532558644,1.6131210168188974
0082_05C,0082,C,LowCa+HighAlphaD3,10,R21-00227,14.5,4.5,4.0,1.5,4.0,0.5,0082_05C-H,20211213_1,3.741291751884241,3.164245717166491,0.2877118441712873,0082_05C-G,0.18132744735594308,-2.7185491442483487,1.8741689156098011,0.881891180334259,6.582105470998953,0.27278402891817105
0073_03C,0073,C,MediumLowCa+MediumAlphaD3,4,R21-00227,5.0,1.0,1.5,0.5,1.5,0.5,0073_03C-H,20211213_1,-0.109920327721344,1.5601152081977825,-1.3071559648901747,0073_03C-G,-1.4135403617055189,-4.322679653217057,-1.977043163995784,2.6639008041990624,20.010421525006823,3.9368538731120095
0086_03I,0086,I,MediumLowCa+HighAlphaD3,14,R21-00227,5.5,1.0,1.5,1.0,1.5,0.5,0086_03I-H,20211213_1,-1.104223112621895,3.8174963398328,0.6091546423123795,0086_03I-G,1.5757168645137796,1.52540419789229,2.120201249820152,0.3354763885327687,0.34738221572625294,0.23001482432879933
0076_02F,0076,F,HighCa,7,,,,,,,,,,,,,,,,,,,
0082_01C,0082,C,LowCa+HighAlphaD3,10,R21-00227,11.5,3.0,3.5,1.0,3.0,1.0,0082_01C-H,20211213_1,1.4439486293162815,4.928433710505431,0.4707748221668346,0082_01C-G,0.36439042535149035,-0.9543611509094081,-0.4231742069581583,0.7767970217930362,1.937721388962978,1.3408744938241837
0077_06I,0077,I,HighCa+MediumAlphaD3,8,R21-00227,4.0,1.0,1.0,0.5,1.0,0.5,0077_06I-H,20211213_2,-1.1415838088332109,6.754958325035698,-0.1305912404296769,0077_06I-G,0.8359709817717231,4.462866183095189,2.082840553608836,0.5602058749104601,0.04534646240227303,0.23604919145931053
0082_03F,0082,F,LowCa+HighAlphaD3,10,,,,,,,,,,,,,,,,,,,
0073_03F,0073,F,MediumLowCa+MediumAlphaD3,4,,,,,,,,,,,,,,,,,,,
0085_06F,0085,F,MediumLowCa+LowAlphaD3,13,,,,,,,,,,,,,,,,,,,
0073_06F,0073,F,MediumLowCa+MediumAlphaD3,4,,,,,,,,,,,,,,,,,,,
0086_06F,0086,F,MediumLowCa+HighAlphaD3,14,,,,,,,,,,,,,,,,,,,
0071_05I,0071,I,LowCa+MediumAlphaD3,2,R21-00227,6.5,2.0,1.5,0.5,2.0,0.5,0071_05I-H,20211213_2,-0.9277322753118398,7.079496012359783,-0.1842252501316679,0071_05I-G,0.7823369720697322,4.787403870419274,2.2966920871302072,0.5814242009411235,0.03621160994041656,0.20352923065982678
0081_03I,0081,I,LowCa+LowAlphaD3,9,R21-00227,6.5,2.0,1.5,0.5,2.0,0.5,0081_03I-H,20211213_1,-1.4744275029017828,0.8236001714856194,0.8402272729634603,0081_03I-G,1.8067894951648604,-1.4684919704548904,1.7499968595402642,0.2858262859625102,2.7673247768431852,0.2973024259181379
0086_05F,0086,F,MediumLowCa+HighAlphaD3,14,,,,,,,,,,,,,,,,,,,
0073_05I,0073,I,MediumLowCa+MediumAlphaD3,4,R21-00227,4.5,1.5,0.5,0.5,1.5,0.5,0073_05I-H,20211213_2,-2.038093378855009,4.33401535613482,-0.2394035397316294,0073_05I-G,0.7271586824697707,2.0419232141943104,1.186330983587038,0.604092473724367,0.24283979841403822,0.4394189572442412
0076_05F,0076,F,HighCa,7,,,,,,,,,,,,,,,,,,,
0074_04F,0074,F,MediumHighCa,5,,,,,,,,,,,,,,,,,,,
0085_04I,0085,I,MediumLowCa+LowAlphaD3,13,R21-00227,5.5,1.5,1.5,1.0,1.0,0.5,0085_04I-H,20211213_1,-0.9580560125340724,5.961265390607977,0.8168559317736772,0085_04I-G,1.7834181539750773,3.6691732486674673,2.2663683499079745,0.2904943171501849,0.07860837034328519,0.20785244878558226
0084_01C,0084,C,LowCa+MediumAlphaD3+MK7,12,R21-00227,9.5,2.0,2.0,1.5,2.0,2.0,0084_01C-H,20211213_2,0.6701519967696896,4.36343232377042,-2.0943862398036632,0084_01C-G,-2.2007706366190076,-1.5193625376444198,-1.1969708395047503,4.597248451613156,2.8666435746854795,2.2925780322204243
0084_04I,0084,I,LowCa+MediumAlphaD3+MK7,12,R21-00227,8.0,1.5,2.0,2.0,2.5,0.0,0084_04I-H,20211213_1,-1.3411020668136722,3.0085127397418248,0.5344998007034967,0084_04I-G,1.5010620229048968,0.716420597801315,1.8833222956283748,0.3532932222146924,0.6086055529271618,0.27105879137157335
0071_04I,0071,I,LowCa+MediumAlphaD3,2,R21-00227,7.5,2.5,2.0,0.5,2.0,0.5,0071_04I-H,20211213_2,-1.8988947770622744,5.175299606511661,-0.5650869491038968,0071_04I-G,0.4014752730975033,2.8832074645711514,1.3255295853797726,0.7570837075807624,0.13554018355344633,0.3990027001368951
0083_01C,0083,C,LowCa+MK7,11,R21-00227,10.5,3.0,3.0,0.5,3.0,1.0,0083_01C-H,20220204_1,1.9069783710032624,2.982128800059848,-0.1583341772075668,0083_01C-G,-0.264718574022911,-2.9006660613549915,0.03985553472882253,1.2014016696971561,7.4677108184611996,0.9727523497684792
0076_06I,0076,I,HighCa,7,R21-00227,7.0,2.0,1.5,0.5,2.5,0.5,0076_06I-H,20211213_2,-1.70737853142341,8.29554354244098,0.0566365803141815,0076_06I-G,1.0231988025155816,6.00345140050047,1.517045831018637,0.49202420570335353,0.015587664543927987,0.3494006431521408
0081_04F,0081,F,LowCa+LowAlphaD3,9,,,,,,,,,,,,,,,,,,,
0075_01F,0075,F,MediumHighCa+MediumAlphaD3,6,,,,,,,,,,,,,,,,,,,
0070_01I,0070,I,LowCa,1,R21-00227,4.0,1.0,1.0,0.5,1.0,0.5,0070_01I-H,20220204_1,,,,0070_01I-G,,,,,,
0076_04F,0076,F,HighCa,7,,,,,,,,,,,,,,,,,,,
0083_05C,0083,C,LowCa+MK7,11,R21-00227,19.0,5.0,5.0,4.0,5.0,0.0,0083_05C-H,20220204_1,0.5333435258968144,3.273764516377712,-0.1042800175221234,0083_05C-G,-0.21066441433746763,-2.6090303450371275,-1.3337793103776254,1.1572210042066797,6.100934936159902,2.520621173270548
0082_05I,0082,I,LowCa+HighAlphaD3,10,R21-00227,8.0,2.5,1.5,1.0,2.5,0.5,0082_05I-H,20220204_1,-1.8189653906144123,4.627735249891835,0.6820806151644376,0082_05I-G,1.6486428373658377,2.335643107951325,1.4054589718276347,0.3189400469453664,0.1981077042997974,0.3774980319383452
0072_03I,0072,I,MediumLowCa,3,R21-00227,9.0,2.0,2.0,1.5,2.5,1.0,0072_03I-H,20220204_1,-1.4772987718435076,3.5558525171728803,-0.784530951784749,0072_03I-G,0.18203127041665113,1.2637603752323705,1.7471255905985394,0.8814610520308062,0.41645705122663446,0.29789470995527206
0077_04I,0077,I,HighCa+MediumAlphaD3,8,R21-00227,5.0,1.5,1.0,0.5,1.5,0.5,0077_04I-H,20211213_2,-1.586956317060281,9.06013866092792,-0.3241321087979649,0077_04I-G,0.6424301134034351,6.768046518987411,1.637468045381766,0.6406329404954862,0.00917518829593228,0.3214200774454632
0084_06I,0084,I,LowCa+MediumAlphaD3+MK7,12,R21-00227,6.0,1.5,1.0,2.0,1.0,0.5,0084_06I-H,20211213_1,-2.217720078162717,4.337223105491564,0.5241959668209226,0084_06I-G,1.4907581890223227,2.045130963551054,1.00670428427933,0.3558255004354696,0.24230045792281496,0.4976818625557247
0073_06I,0073,I,MediumLowCa+MediumAlphaD3,4,R21-00227,4.0,1.0,1.0,0.5,1.0,0.5,0073_06I-H,20211213_2,-1.9686284898238144,2.247885531882193,-0.2590197319529572,0073_06I-G,0.7075424902484428,-0.04420661005831672,1.2557958726182326,0.612362358739444,1.031115975556442,0.4187624904011147
0086_03C,0086,C,MediumLowCa+HighAlphaD3,14,R21-00227,13.0,2.5,3.0,2.0,3.5,2.0,0086_03C-H,20211213_2,1.6510504778850787,4.193779701033964,-0.2962402504188652,0086_03C-G,-0.40262464723420943,-1.6890151603808752,-0.21607235838936112,1.3219106326807943,3.224365208633431,1.1615669888728666
0074_06F,0074,F,MediumHighCa,5,,,,,,,,,,,,,,,,,,,
0072_01F,0072,F,MediumLowCa,3,,,,,,,,,,,,,,,,,,,
0085_01I,0085,I,MediumLowCa+LowAlphaD3,13,R21-00227,4.5,1.5,1.0,0.5,1.0,0.5,0085_01I-H,20211213_1,-2.1290121713416,3.990288639005861,0.3254375247960261,0085_01I-G,1.2919997469974263,1.6981964970653514,1.095412191100447,0.40838456717259836,0.308171105175501,0.46800239207215377
0075_04F,0075,F,MediumHighCa+MediumAlphaD3,6,,,,,,,,,,,,,,,,,,,
0073_02I,0073,I,MediumLowCa+MediumAlphaD3,4,R21-00227,3.5,1.0,0.5,0.5,1.0,0.5,0073_02I-H,20211213_2,-1.7798524115838037,3.842743565810736,-0.3236025378191556,0073_02I-G,0.6429596843822445,1.5506514238702263,1.4445719508582433,0.6403978261122961,0.34135589606349004,0.3674011504589611
0077_01C,0077,C,HighCa+MediumAlphaD3,8,R21-00227,11.0,3.5,2.0,1.0,3.0,1.5,0077_01C-H,20211213_1,0.0306738360573781,6.3740599576312285,0.6295430537547873,0077_01C-G,0.5231586569394431,0.4912650962163889,-1.8364490002170617,0.695846667633246,0.7114009981787616,3.571299184235586
0073_05C,0073,C,MediumLowCa+MediumAlphaD3,4,R21-00227,6.0,1.5,1.0,0.5,1.5,1.5,0073_05C-H,20211213_1,1.5934337038941564,2.4007114370849205,-0.3589846720580016,0073_05C-G,-0.46536906887334584,-3.482083424329919,-0.2736891323802835,1.3806705100394547,11.17407438569796,1.2088951586474506
0077_02I,0077,I,HighCa+MediumAlphaD3,8,R21-00227,5.5,1.5,1.0,0.5,2.0,0.5,0077_02I-H,20211213_2,-1.1995101805669002,9.893502123909292,-0.0405304639544858,0077_02I-G,0.9260317582469143,7.601409981968782,2.024914181875147,0.5263039916241146,0.0051492927837398905,0.2457197657414272
0081_01F,0081,F,LowCa+LowAlphaD3,9,,,,,,,,,,,,,,,,,,,
0074_06I,0074,I,MediumHighCa,5,R21-00227,5.0,1.5,1.0,0.5,1.5,0.5,0074_06I-H,20211213_2,-2.34037420951352,9.721681663425642,-1.005256444571092,0074_06I-G,-0.038694222369692,7.429589521485132,0.884050152928527,1.0271837058466458,0.005800570353030345,0.5418441467712964
0070_04C,0070,C,LowCa,1,R21-00227,7.5,2.0,2.0,0.5,2.0,1.0,0070_04C-H,20211213_1,2.9922945522562934,7.648641265405086,0.4784401363171398,0070_04C-G,0.37205573950179555,1.7658464039902464,1.1251717159818535,0.7726806960283168,0.294054117272351,0.4584474518996251
0070_03F,0070,F,LowCa,1,,,,,,,,,,,,,,,,,,,
0070_04I,0070,I,LowCa,1,R21-00227,5.5,1.5,1.0,0.5,2.0,0.5,0070_04I-H,20220204_1,,,,0070_04I-G,,,,,,
0083_06F,0083,F,LowCa+MK7,11,,,,,,,,,,,,,,,,,,,
0075_04C,0075,C,MediumHighCa+MediumAlphaD3,6,R21-00227,10.0,3.5,2.0,1.0,2.5,1.0,0075_04C-H,20211213_1,0.1950835766925571,3.931399003674418,0.3505206157090903,0075_04C-G,0.2441362188937461,-1.9513958577404216,-1.6720392595818827,0.8443211630735649,3.867485433026978,3.1866471011336026
0077_04F,0077,F,HighCa+MediumAlphaD3,8,,,,,,,,,,,,,,,,,,,
0073_01I,0073,I,MediumLowCa+MediumAlphaD3,4,R21-00227,3.5,1.0,0.5,0.5,1.0,0.5,0073_01I-H,20211213_2,-1.6224612636765414,6.762847685193098,-0.365809682316744,0073_01I-G,0.600752539884656,4.470755543252588,1.6019630987655056,0.6594099036749989,0.04509916262232865,0.329428413941348
0083_01F,0083,F,LowCa+MK7,11,,,,,,,,,,,,,,,,,,,
0085_06I,0085,I,MediumLowCa+LowAlphaD3,13,R21-00227,5.5,1.5,1.5,0.5,1.5,0.5,0085_06I-H,20211213_1,-0.3415019612733445,5.304901106297407,0.4407509799562739,0085_06I-G,1.407313202157674,3.0128089643568976,2.8829224011687025,0.37701316254151485,0.12389509999281043,0.13556696770551047
0082_06C,0082,C,LowCa+HighAlphaD3,10,R21-00227,11.0,2.5,3.5,0.5,3.5,1.0,0082_06C-H,20211213_1,0.9163157414512266,2.227911194345303,0.4534195655195461,0082_06C-G,0.34703516870420187,-3.6548836670695364,-0.9508070948232132,0.7861981266856871,12.59591190218444,1.9329537183618224
0074_06C,0074,C,MediumHighCa,5,R21-00227,11.0,1.5,3.0,1.5,3.5,1.5,0074_06C-H,20211213_1,-0.4307742367474638,0.611395538387459,0.6467238616433661,0074_06C-G,0.540339464828022,-5.271399323027381,-2.2978970730219035,0.6876090962398625,38.623294479097275,4.917404631426485
0071_06F,0071,F,LowCa+MediumAlphaD3,2,,,,,,,,,,,,,,,,,,,
0082_03C,0082,C,LowCa+HighAlphaD3,10,R21-00227,8.5,2.0,2.5,1.0,2.0,1.0,0082_03C-H,20211213_1,2.4986614072629614,3.05523326547814,0.5060535921567926,0082_03C-G,0.39966919534144835,-2.8275615959366998,0.6315385709885215,0.7580320772923008,7.098733217677538,0.6454876638382083
0084_05C,0084,C,LowCa+MediumAlphaD3+MK7,12,R21-00227,13.5,3.5,4.0,1.0,4.0,1.0,0084_05C-H,20211213_2,0.6731695792439822,5.261704629188678,-0.4756068577298009,0084_05C-G,-0.5819912545451451,-0.6210902322261616,-1.1939532570304576,1.496913912641639,1.5380370235775511,2.2877878214360674
0076_06C,0076,C,HighCa,7,R21-00227,12.0,3.0,4.0,1.5,3.0,0.5,0076_06C-H,20211213_1,2.315424956070164,4.951446099608855,0.7697412039374747,0076_06C-G,0.6633568071221305,-0.9313487618059844,0.4483021197957242,0.6314074520138551,1.9070580532923471,0.7329048823577815
0071_03C,0071,C,LowCa+MediumAlphaD3,2,R21-00227,7.5,1.5,2.0,1.0,2.0,1.0,0071_03C-H,20220204_1,2.9500075274350053,8.308206727114374,-0.8409846868162738,0071_03C-G,-0.947369083631618,2.4254118656995347,1.0828846911605654,1.928352881509303,0.18615653067672175,0.47208393984682534
0070_02C,0070,C,LowCa,1,R21-00227,9.0,2.5,1.5,2.0,2.0,1.0,0070_02C-H,20211213_1,5.2402364640001,7.637135507289685,0.4424944022214383,0070_02C-G,0.3361100054060941,1.7543406458748452,3.37311362772566,0.7921744053734722,0.2964086292574454,0.09651428980045312
0083_06C,0083,C,LowCa+MK7,11,R21-00227,12.5,3.5,2.0,1.5,3.5,2.0,0083_06C-H,20211213_2,-0.3355037114367469,0.8801282039466756,-1.6450978261941227,0083_06C-G,-1.7514822230094669,-5.002666657468164,-2.2026265477111866,3.3670431803715473,32.059203053573526,4.603166247423731
0075_04I,0075,I,MediumHighCa+MediumAlphaD3,6,R21-00227,4.0,1.0,1.0,0.5,1.0,0.5,0075_04I-H,20211213_2,-1.757162096686919,7.94230967795022,-0.9069376699285988,0075_04I-G,0.05962455227280128,5.650217536009711,1.467262265755128,0.9595137912174623,0.0199120071540116,0.36166796831657305
0086_06I,0086,I,MediumLowCa+HighAlphaD3,14,,,,,,,,,20211213_1,-1.6025365349944067,2.108610677254553,0.5577864010599463,0086_06I-G,1.5243486232613463,-0.18348146468595683,1.6218878274476403,0.3476364773848009,1.135621025051201,0.3249100270649298
0083_03C,0083,C,LowCa+MK7,11,R21-00227,12.0,4.0,3.5,0.5,3.5,0.5,0083_03C-H,20211213_2,-1.8239317711890024,2.1184793711328016,-1.270429518018945,0083_03C-G,-1.3768139148342893,-3.764315490282038,-3.6910546074634425,2.596942218801615,13.58851117018381,12.915706055334505
0072_02I,0072,I,MediumLowCa,3,R21-00227,4.5,1.5,0.5,0.5,1.5,0.5,0072_02I-H,20220204_1,-1.6702210154450547,5.752222495548178,-0.9023722070332808,0072_02I-G,0.06419001516811929,3.4601303536076684,1.5542033469969923,0.9564821729841216,0.09086507191748343,0.34051650968056174
0082_04F,0082,F,LowCa+HighAlphaD3,10,,,,,,,,,,,,,,,,,,,
0073_01C,0073,C,MediumLowCa+MediumAlphaD3,4,R21-00227,7.5,2.0,2.0,0.5,2.0,1.0,0073_01C-H,20211213_1,-0.2851023505490602,7.0804406212217685,0.6462397540365892,0073_01C-G,0.539855357221245,1.197645759806929,-2.1522251868235003,0.6878398675674795,0.4359861589259245,4.445128689995498
0071_04C,0071,C,LowCa+MediumAlphaD3,2,R21-00227,10.0,3.0,2.5,1.0,2.5,1.0,0071_04C-H,20220204_1,-4.028890146996613,-1.2690320967793252,-0.9846783882556184,0071_04C-G,-1.0910627850709627,-7.151826958194165,-5.896012983271053,2.1303091143201525,142.20485970486695,59.549313993778526
0085_02F,0085,F,MediumLowCa+LowAlphaD3,13,,,,,,,,,,,,,,,,,,,
0081_06I,0081,I,LowCa+LowAlphaD3,9,R21-00227,4.5,1.5,1.0,0.5,1.0,0.5,0081_06I-H,20220204_1,0.186449255839733,,,0081_06I-G,,,3.41087361828178,,,0.09402097044445756
0072_06I,0072,I,MediumLowCa,3,R21-00227,5.5,1.5,1.0,1.0,1.5,0.5,0072_06I-H,20220204_1,-2.4688797255457366,2.1593055505577823,-1.444148606112826,0072_06I-G,-0.4775863839114258,-0.13278659138272753,0.7555446368963104,1.3924122232744756,1.0964093917879434,0.5923227334121478
0073_03I,0073,I,MediumLowCa+MediumAlphaD3,4,R21-00227,4.5,1.5,1.0,0.5,1.0,0.5,0073_03I-H,20211213_2,-1.9384525874418053,2.8175202416162755,-0.2358578963296089,0073_03I-G,0.7307043258717911,0.5254280996757656,1.2859717750002417,0.60260964709155,0.6947529210702167,0.4100944786406603
0075_03I,0075,I,MediumHighCa+MediumAlphaD3,6,R21-00227,4.5,1.0,1.5,0.5,1.0,0.5,0075_03I-H,20211213_2,-1.0312742205394372,7.075612877432537,-0.1876518954300081,0075_03I-G,0.7789103267713919,4.7835207354920275,2.19315014190261,0.5828068233169175,0.036309207818831644,0.21867343260264893
0076_01C,0076,C,HighCa,7,R21-00227,10.5,2.5,2.0,1.5,2.5,2.0,0076_01C-H,20211213_1,-1.7008904332066237,1.15094958815936,0.4769953269025215,0076_01C-G,0.37061093008717727,-4.731845273255479,-3.568013269481064,0.773454896746661,26.572190792957898,11.859845161259031
0074_01I,0074,I,MediumHighCa,5,R21-00227,3.5,1.0,0.5,0.5,1.0,0.5,0074_01I-H,20211213_2,-3.1327651096954146,6.837399461981336,-1.3962919758534689,0074_01I-G,-0.4297297536520688,4.545307320040827,0.09165925274663245,1.3469812360414115,0.04282783858248585,0.9384428192579992
0085_02C,0085,C,MediumLowCa+LowAlphaD3,13,R21-00227,14.0,3.5,3.5,1.5,3.5,2.0,0085_02C-H,20211213_2,-0.3200520965895883,1.710644106297302,-3.137888751335555,0085_02C-G,-3.2442731481508993,-4.172150755117538,-2.187174932864028,9.475966827525257,18.02779138033234,4.554128290102506
0075_02F,0075,F,MediumHighCa+MediumAlphaD3,6,,,,,,,,,,,,,,,,,,,
0085_01F,0085,F,MediumLowCa+LowAlphaD3,13,,,,,,,,,,,,,,,,,,,
0070_04F,0070,F,LowCa,1,,,,,,,,,,,,,,,,,,,
0076_06F,0076,F,HighCa,7,,,,,,,,,,,,,,,,,,,
0081_06F,0081,F,LowCa+LowAlphaD3,9,,,,,,,,,,,,,,,,,,,
0086_04C,0086,C,MediumLowCa+HighAlphaD3,14,R21-00227,14.0,2.5,5.0,1.5,3.0,2.0,0086_04C-H,20211213_2,1.1136606082091165,6.064422899642555,-0.141679262566658,0086_04C-G,-0.2480636593820022,0.18162803822771512,-0.7534622280653234,1.1876120686811942,0.8817074541710507,1.6858337002554022
0086_03F,0086,F,MediumLowCa+HighAlphaD3,14,,,,,,,,,,,,,,,,,,,
0074_02I,0074,I,MediumHighCa,5,R21-00227,4.0,1.5,0.5,0.5,1.0,0.5,0074_02I-H,20211213_2,-2.9513090035547336,6.719486989479655,-1.3909548623693233,0074_02I-G,-0.4243926401679232,4.427394847539146,0.2731153588873134,1.3420074124679562,0.046475208653570674,0.8275306435134612
0084_05F,0084,F,LowCa+MediumAlphaD3+MK7,12,,,,,,,,,,,,,,,,,,,
0072_05I,0072,I,MediumLowCa,3,R21-00227,5.5,1.5,1.0,1.0,1.5,0.5,0072_05I-H,20220204_1,-1.7758367655924443,1.6200139990338371,-1.2758469102752876,0072_05I-G,-0.30928468807388754,-0.6720781429066727,1.4485875968496027,1.2390931848305418,1.5933664941898456,0.36637993561766585
0081_01C,0081,C,LowCa+LowAlphaD3,9,R21-00227,8.0,2.5,1.5,0.5,2.0,1.5,0081_01C-H,20211213_1,1.5871688075706736,3.047390865977004,0.400482802390492,0081_01C-G,0.29409840557514777,-2.8354039954378356,-0.2799540287037663,0.8155818609724521,7.137426556958987,1.2141561948440158
0075_05C,0075,C,MediumHighCa+MediumAlphaD3,6,R21-00227,12.0,4.0,2.0,1.0,3.5,1.5,0075_05C-H,20211213_1,-0.5386235172115619,3.5545242135398247,0.4184735580307794,0075_05C-G,0.3120891612154352,-2.328270647875015,-2.405746353486002,0.8054745096996007,5.022030003625112,5.299096329015011
0070_05F,0070,F,LowCa,1,,,,,,,,,,,,,,,,,,,
0076_05C,0076,C,HighCa,7,R21-00227,13.0,3.0,2.5,1.5,3.0,3.0,0076_05C-H,20211213_1,-0.8191651947367831,1.4423272229778838,0.5147255014721743,0076_05C-G,0.4083411046568301,-4.440467638436956,-2.686288031011223,0.7534892819275143,21.71270610434477,6.436551883225223
0077_06C,0077,C,HighCa+MediumAlphaD3,8,R21-00227,7.0,2.0,1.5,1.0,1.5,1.0,0077_06C-H,20211213_1,1.5942292851352209,2.8655902335093657,0.8011242283614699,0077_06C-G,0.6947398315461257,-3.017204627905474,-0.272893551139219,0.6178207232369087,8.095973837494338,1.2082286912759364
0077_04C,0077,C,HighCa+MediumAlphaD3,8,R21-00227,13.5,3.0,4.5,1.0,3.5,1.5,0077_04C-H,20211213_1,1.900744975394552,5.099030918887994,0.704692851881255,0077_04C-G,0.5983084550659108,-0.7837639425268454,0.03362213912011214,0.6605279637086037,1.7216166582851222,0.9769643753252787
0070_01C,0070,C,LowCa,1,R21-00227,8.0,2.0,1.5,1.0,2.0,1.5,0070_01C-H,20220204_1,-6.564102109908781,-3.033634032635643,,0070_01C-G,,-8.916428894050483,-8.431224946183221,,483.18400728870205,345.184756616735
0081_03F,0081,F,LowCa+LowAlphaD3,9,,,,,,,,,,,,,,,,,,,
0082_05F,0082,F,LowCa+HighAlphaD3,10,,,,,,,,,,,,,,,,,,,
0076_02C,0076,C,HighCa,7,R21-00227,10.0,3.0,2.5,0.5,3.0,1.0,0076_02C-H,20211213_1,-4.179605727830372,-1.009520008253574,1.0623425448492263,0076_02C-G,0.9559581480338821,-6.892314869668414,-6.0467285641048125,0.5154991135893002,118.79372901212048,66.10688196067815
0081_05F,0081,F,LowCa+LowAlphaD3,9,,,,,,,,,,,,,,,,,,,
0075_01C,0075,C,MediumHighCa+MediumAlphaD3,6,R21-00227,9.5,2.5,3.0,0.5,3.0,0.5,0075_01C-H,20211213_1,0.4707296305998092,5.640832995620468,0.3778490121764051,0075_01C-G,0.27146461536106087,-0.24196186579437118,-1.3963932056746307,0.8284780527923191,1.182599740624864,2.6324264185478228
0076_05I,0076,I,HighCa,7,R21-00227,8.5,2.5,2.0,1.0,2.5,0.5,0076_05I-H,20211213_2,-3.079521788648613,7.931710596471895,0.6243210395169569,0076_05I-G,1.590883261718357,5.639618454531385,0.1449025737934342,0.33196815031285826,0.020058833850934214,0.9044404529960867
0085_03I,0085,I,MediumLowCa+LowAlphaD3,13,R21-00227,3.5,1.0,1.0,0.5,0.5,0.5,0085_03I-H,20211213_1,-0.5647591459163728,5.399859055875911,0.5648003962012638,0085_03I-G,1.5313626184026639,3.1077669139354014,2.6596652165256742,0.34595046415333636,0.11600292481957267,0.15825629402671065
0086_05I,0086,I,MediumLowCa+HighAlphaD3,14,R21-00227,6.5,2.0,1.5,1.0,1.5,0.5,0086_05I-H,20211213_1,-1.3187265708299876,3.3735520420145093,0.422138127666237,0086_05I-G,1.3887003498676371,1.0814599000739995,1.9056977916120594,0.3819086893157624,0.472550395484887,0.26688723482963234
0071_02C,0071,C,LowCa+MediumAlphaD3,2,R21-00227,8.5,2.0,3.0,1.0,2.0,0.5,0071_02C-H,20220204_1,0.497421628987869,2.302295464464041,-0.8480215099374391,0071_02C-G,-0.9544059067527833,-3.5804993969507986,-1.3697012072865709,1.9377815026375547,11.962934309005764,2.584170405224331
0075_03C,0075,C,MediumHighCa+MediumAlphaD3,6,R21-00227,5.5,1.5,1.5,0.5,1.5,0.5,0075_03C-H,20211213_1,-0.9127973671937148,1.7000269307646183,0.488014649601947,0075_03C-G,0.3816302527866028,-4.182767930650221,-2.779920203468155,0.7675697426588357,18.160952061023593,6.868143598883848
0082_02I,0082,I,LowCa+HighAlphaD3,10,R21-00227,7.5,2.0,2.0,1.0,2.0,0.5,0082_02I-H,20220204_1,-1.661228937904987,3.4786388635506498,0.7068739639321961,0082_02I-G,1.6734361861335962,1.18654672161014,1.56319542453706,0.3135057510985418,0.4393532522360781,0.338400727583793
0077_01F,0077,F,HighCa+MediumAlphaD3,8,,,,,,,,,,,,,,,,,,,
0084_05I,0084,I,LowCa+MediumAlphaD3+MK7,12,R21-00227,7.5,1.5,1.5,2.0,1.5,1.0,0084_05I-H,20211213_1,-2.491999403482112,3.593466523066059,0.2836546039663545,0084_05I-G,1.2502168261677546,1.3013743811255494,0.732424958959935,0.4203850221852253,0.4057394869335071,0.6018913719177927
0085_05C,0085,C,MediumLowCa+LowAlphaD3,13,R21-00227,10.0,3.0,2.5,1.0,2.5,1.0,0085_05C-H,20220204_1,-0.3059579745821743,5.331616745155536,-0.661232628175167,0085_05C-G,-0.7676170249905112,-0.5511781162593037,-2.173080810856614,1.7024554250142685,1.4652817682788226,4.509854255659747
0077_02F,0077,F,HighCa+MediumAlphaD3,8,,,,,,,,,,,,,,,,,,,
0074_02C,0074,C,MediumHighCa,5,R21-00227,12.0,3.5,1.5,3.0,3.5,0.5,0074_02C-H,20211213_1,2.860614366876174,5.061620337930766,0.6735109908139165,0074_02C-G,0.5671265939985723,-0.8211745234840739,0.993491530601734,0.6749597634090736,1.7668438259475971,0.502260759284766
0071_05C,0071,C,LowCa+MediumAlphaD3,2,R21-00227,10.0,2.5,2.0,0.5,3.0,2.0,0071_05C-H,,,,,,,,,,,
0083_02I,0083,I,LowCa+MK7,11,R21-00227,3.5,1.0,0.5,0.5,1.0,0.5,0083_02I-H,20220204_1,-7.562253657937848,-2.0185061327162,1.904078816506674,0083_02I-G,2.870641038708074,-4.31059827465671,-4.337829295495801,0.1367259471478244,19.843550462411212,20.221656739600608
0081_03C,0081,C,LowCa+LowAlphaD3,9,R21-00227,13.0,3.5,3.5,1.0,3.0,2.0,0081_03C-H,20211213_1,-0.9795949510148284,2.0747706457687976,0.6209297543180412,0081_03C-G,0.514545357502697,-3.808024215646042,-2.8467177872892684,0.700013496210974,14.00649637227173,7.193619180121821
0084_06C,0084,C,LowCa+MediumAlphaD3+MK7,12,R21-00227,12.5,3.5,4.0,0.5,3.0,1.5,0084_06C-H,20211213_2,1.4341933339177508,5.533846414036812,-0.2400194433150204,0084_06C-G,-0.3464038401303646,-0.3489484473780271,-0.43292950235668903,1.2713875271203117,1.2736319631160904,1.3499720168007445
0073_04C,0073,C,MediumLowCa+MediumAlphaD3,4,R21-00227,7.5,2.0,1.5,1.0,1.5,1.5,0073_04C-H,20220204_1,-1.4775923798786792,8.557761452188327,-1.5659023471495566,0073_04C-G,-1.6722867439649007,2.6749665907734874,-3.3447152161531193,3.1871937953528056,0.15658668094384168,10.159202265093413
0082_02C,0082,C,LowCa+HighAlphaD3,10,R21-00227,16.0,4.5,4.0,2.5,3.5,1.5,0082_02C-H,20211213_1,2.5274282318042083,3.141680058493556,0.0091683376085747,0082_02C-G,-0.09721605920676951,-2.7411148029212837,0.6603053955297684,1.0697072761395208,6.685867680275369,0.6327443409224959
0083_04F,0083,F,LowCa+MK7,11,,,,,,,,,,,,,,,,,,,
0075_03F,0075,F,MediumHighCa+MediumAlphaD3,6,,,,,,,,,,,,,,,,,,,
0082_03I,0082,I,LowCa+HighAlphaD3,10,R21-00227,8.5,2.5,1.5,1.0,2.5,1.0,0082_03I-H,20220204_1,-1.3987127453491333,5.55331090925543,0.6736234053390859,0082_03I-G,1.640185627540486,3.26121876731492,1.8257116170929137,0.32081519334035147,0.10429784343433895,0.28210191858856726
0082_02F,0082,F,LowCa+HighAlphaD3,10,,,,,,,,,,,,,,,,,,,
0072_02F,0072,F,MediumLowCa,3,,,,,,,,,,,,,,,,,,,
0081_02F,0081,F,LowCa+LowAlphaD3,9,,,,,,,,,,,,,,,,,,,
0073_05F,0073,F,MediumLowCa+MediumAlphaD3,4,,,,,,,,,,,,,,,,,,,
0086_01C,0086,C,MediumLowCa+HighAlphaD3,14,R21-00227,13.0,4.5,3.0,1.5,2.0,2.0,0086_01C-H,20211213_2,-2.348834669582484,1.2403589385965077,-0.5700423574688642,0086_01C-G,-0.6764267542842084,-4.642435922818332,-4.215957505856924,1.5981765092364075,24.97540075948585,18.583592328697446
0073_02F,0073,F,MediumLowCa+MediumAlphaD3,4,,,,,,,,,,,,,,,,,,,
0077_03I,0077,I,HighCa+MediumAlphaD3,8,R21-00227,4.5,1.0,1.0,0.5,1.5,0.5,0077_03I-H,20211213_2,-2.614524129239744,7.455149154346301,-0.4198750983042423,0077_03I-G,0.5466871238971578,5.16305701240579,0.6099002332023029,0.6845903570033844,0.02791032990413864,0.6552420123622065
0070_03C,0070,C,LowCa,1,R21-00227,7.5,2.5,1.5,1.0,1.5,1.0,0070_03C-H,20220204_1,2.4276867880707087,10.219068366014795,-1.3540298966213555,0070_03C-G,-1.4604142934366997,4.336273504599956,0.5605639517962688,2.7518737683083905,0.04950528963269167,0.6780370661413209
0071_02F,0071,F,LowCa+MediumAlphaD3,2,,,,,,,,,,,,,,,,,,,
0074_02F,0074,F,MediumHighCa,5,,,,,,,,,,,,,,,,,,,
0076_01F,0076,F,HighCa,7,,,,,,,,,,,,,,,,,,,
0081_01I,0081,I,LowCa+LowAlphaD3,9,R21-00227,4.5,1.0,1.0,0.5,1.5,0.5,0081_01I-H,20211213_1,-1.757621151640368,3.0795317480062465,0.7118301674458554,0081_01I-G,1.6783923896472555,0.7874396060657367,1.466803210801679,0.3124305880376047,0.5793714078028903,0.3617830667154011
0083_02C,0083,C,LowCa+MK7,11,R21-00227,10.5,2.5,4.0,0.5,2.5,1.0,0083_02C-H,20211213_2,-0.0972691280936643,4.995127770129251,-0.4123827798553536,0083_02C-G,-0.5187671766706978,-0.8876670912855884,-1.9643919643681043,1.43273041648534,1.8501818685828293,3.902481963501967
0077_05I,0077,I,HighCa+MediumAlphaD3,8,R21-00227,7.0,2.5,1.0,0.5,2.5,0.5,0077_05I-H,20211213_2,-1.877151109305213,6.241426985137959,-0.2112311127657378,0077_05I-G,0.7553311094356623,3.9493348431974495,1.347273253136834,0.5924104071933101,0.06473389652507613,0.3930341965188031
0072_06C,0072,C,MediumLowCa,3,R21-00227,13.0,3.5,3.5,1.0,3.0,2.0,0072_06C-H,20211213_1,-6.4335843524977445,-2.0327038492387786,1.274707008054099,0072_06C-G,1.1683226112387548,-7.915498710653618,-8.300707188772185,0.44493835968836465,241.43628643892907,315.32750103470494
0073_06C,0073,C,MediumLowCa+MediumAlphaD3,4,R21-00227,6.0,1.5,1.0,0.5,1.5,1.5,0073_06C-H,20211213_1,1.6909973891021224,1.0327569644082093,-1.2297344298357809,0073_06C-G,-1.336118826651125,-4.85003789700663,-0.17612544717231748,2.524712001944472,28.840772388868686,1.1298454541504466
0081_04I,0081,I,LowCa+LowAlphaD3,9,R21-00227,5.0,1.5,1.0,0.5,1.5,0.5,0081_04I-H,20211213_1,-1.273795142703026,4.643832685926363,0.8191327212627648,0081_04I-G,1.785694943464165,2.3517405439858527,1.950629219739021,0.29003623503735787,0.19590952617458463,0.2587033749731147
0076_01I,0076,I,HighCa,7,R21-00227,4.5,1.0,1.0,0.5,1.5,0.5,0076_01I-H,20211213_2,-2.372664954522218,6.143623273980914,0.492793108136631,0076_01I-G,1.459355330338031,3.8515311320404044,0.851759407919829,0.3636555928791513,0.06927453192567691,0.5541085725439747
0075_02I,0075,I,MediumHighCa+MediumAlphaD3,6,R21-00227,5.0,1.0,1.0,0.5,1.5,1.0,0075_02I-H,20211213_2,-2.055714930668085,8.376667092225528,-0.2450887432078268,0075_02I-G,0.7214734789935733,6.084574950285019,1.1687094317739621,0.6064777071587327,0.014735349092445772,0.44481907722182334
0086_06C,0086,C,MediumLowCa+HighAlphaD3,14,R21-00227,14.5,3.5,3.0,2.0,4.0,2.0,0086_06C-H,20211213_2,-0.0333593185168119,3.4927606017334867,-0.4760963412922159,0086_06C-G,-0.5824807381075601,-2.390034259681353,-1.9004821547912518,1.4974218779753574,5.241698088568079,3.7333794689014614
0070_06I,0070,I,LowCa,1,R21-00227,7.0,2.0,1.5,1.0,2.0,0.5,0070_06I-H,20211213_2,-0.9763032830946728,6.918958261745619,-1.1700687667454517,0070_06I-G,-0.2035065445440516,4.6268661198051095,2.2481210793473743,1.1514937212303085,0.04047384945972302,0.2104980714399753
0070_06F,0070,F,LowCa,1,,,,,,,,,,,,,,,,,,,
0074_03I,0074,I,MediumHighCa,5,R21-00227,4.0,1.5,0.5,0.5,1.0,0.5,0074_03I-H,20211213_2,-2.605432740107032,5.590914278177287,-1.3281743534142727,0074_03I-G,-0.3616121312128726,3.2988221362367773,0.6189916223350149,1.2848608559882195,0.10161447709447864,0.6511258758321078
0084_04F,0084,F,LowCa+MediumAlphaD3+MK7,12,,,,,,,,,,,,,,,,,,,
0071_05F,0071,F,LowCa+MediumAlphaD3,2,,,,,,,,,,,,,,,,,,,
0073_02C,0073,C,MediumLowCa+MediumAlphaD3,4,R21-00227,7.0,2.0,1.5,0.5,1.5,1.5,0073_02C-H,20211213_1,3.528076838183665,2.472937537676512,-2.238314924286515,0073_02C-G,-2.344699321101859,-3.4098573237383274,1.6609540019092253,5.079545167790946,10.628435354788403,0.3162299679291542
0084_02C,0084,C,LowCa+MediumAlphaD3+MK7,12,R21-00227,12.0,3.5,3.5,1.0,3.5,0.5,0084_02C-H,20211213_2,-1.99849472475168,1.5365382844063475,-0.4280788435385361,0084_02C-G,-0.5344632403538803,-4.346256577008492,-3.86561756102612,1.4484031709202325,20.340124109427332,14.576955823832762
0086_01I,0086,I,MediumLowCa+HighAlphaD3,14,R21-00227,5.5,1.5,1.5,0.5,2.0,0.0,0086_01I-H,20211213_1,-0.3692997363491948,3.8992959026220895,0.466803898400844,0086_01I-G,1.433366120602244,1.6072037606815797,2.8551246260928522,0.3702659731622964,0.32823391958967796,0.1382043924700428
0072_04I,0072,I,MediumLowCa,3,R21-00227,5.0,1.0,1.0,1.0,1.5,0.5,0072_04I-H,20220204_1,-5.5649285307283165,-1.3668332578937203,-1.6178547907942118,0072_04I-G,-0.6512925685928117,-3.65892539983423,-2.3405041682862695,1.570574706760425,12.631249022397789,5.064796024582543
0072_05C,0072,C,MediumLowCa,3,R21-00227,10.5,2.5,2.0,1.0,3.0,2.0,0072_05C-H,20211213_1,-3.79499308979857,-1.313930964857665,1.124098341367073,0072_05C-G,1.017713944551729,-7.1967258262725045,-5.66211592607301,0.49389835045231467,146.70007783827683,50.63685597774912
0076_02I,0076,I,HighCa,7,R21-00227,3.5,1.0,0.5,0.5,1.0,0.5,0076_02I-H,20211213_2,-2.957798724632193,7.188469762169678,0.6236675909911895,0076_02I-G,1.5902298131925896,4.896377620229169,0.26662563780985415,0.3321185446970207,0.03357712181076867,0.8312615360837379
0077_03C,0077,C,HighCa+MediumAlphaD3,8,R21-00227,11.5,3.5,3.0,1.0,3.5,0.5,0077_03C-H,20211213_1,1.5211774687323114,2.720996383005943,0.6677887418123056,0077_03C-G,0.5614043449969615,-3.1617984784088966,-0.34594536754212846,0.6776422135964292,8.949446625371898,1.2709835583642775
0077_05C,0077,C,HighCa+MediumAlphaD3,8,R21-00227,12.5,3.5,2.0,2.0,2.0,3.0,0077_05C-H,20211213_1,-0.9859653404874608,4.566655314806205,0.8258935275755768,0077_05C-G,0.7195091307602326,-1.3161395466086345,-2.8530881767619007,0.6073040389865867,2.4899893066646843,7.2254536836470376
0085_03C,0085,C,MediumLowCa+LowAlphaD3,13,R21-00227,14.5,4.0,3.5,1.5,4.0,1.5,0085_03C-H,20211213_2,1.7561710035086475,7.150055552351686,-1.39194394963895,0085_03C-G,-1.4983283464542942,1.2672606909368467,-0.11095183276579235,2.8251517187198405,0.4154478537550417,1.0799405032761986
0072_01C,0072,C,MediumLowCa,3,R21-00227,7.0,2.5,1.5,0.5,2.0,0.5,0072_01C-H,20220204_1,-0.3501728391212566,4.045924848844916,-1.1455412541139758,0072_01C-G,-1.25192565092932,-1.836870012569923,-2.2172956753956963,2.381590960637452,3.572341525436114,4.650209376864645
0082_01I,0082,I,LowCa+HighAlphaD3,10,R21-00227,5.0,1.5,1.0,0.5,1.5,0.5,0082_01I-H,20211213_1,-0.5844622058469398,5.508884830825487,0.5978144366395952,0082_01I-G,1.5643766588409953,3.216792688884977,2.6399621565951072,0.33812376887963785,0.10755953371066397,0.16043244545157198
0083_05F,0083,F,LowCa+MK7,11,,,,,,,,,,,,,,,,,,,
0071_01F,0071,F,LowCa+MediumAlphaD3,2,,,,,,,,,,,,,,,,,,,
0073_04F,0073,F,MediumLowCa+MediumAlphaD3,4,,,,,,,,,,,,,,,,,,,
0083_05I,0083,I,LowCa+MK7,11,R21-00227,5.0,1.5,1.0,0.5,1.5,0.5,0083_05I-H,20211213_1,-1.1774937396870475,7.073590919376247,0.7960587907497292,0083_05I-G,1.7626210129511293,4.781498777435738,2.0469306227549993,0.2947122608700633,0.03636013137773289,0.2419983938176946
0086_02F,0086,F,MediumLowCa+HighAlphaD3,14,,,,,,,,,,,,,,,,,,,
0086_02C,0086,C,MediumLowCa+HighAlphaD3,14,R21-00227,8.0,1.5,4.0,0.5,1.5,0.5,0086_02C-H,20211213_2,-0.8430522406870296,1.5700956008682887,-0.4537456213515725,0086_02C-G,-0.5601300181669167,-4.312699260546551,-2.7101750769614696,1.4744020869644188,19.87246952724713,6.544010562804763
0071_01C,0071,C,LowCa+MediumAlphaD3,2,R21-00227,7.5,1.5,1.5,1.0,2.5,1.0,0071_01C-H,20211213_1,0.8178847132709457,4.915499282475761,-0.770614310353956,0071_01C-G,-0.8769987071693002,-0.9672955789390789,-1.0492381230034942,1.8365506788277262,1.95517206687221,2.0694367042534347
0086_05C,0086,C,MediumLowCa+HighAlphaD3,14,R21-00227,12.0,3.0,3.5,1.0,3.0,1.5,0086_05C-H,20211213_2,0.7366390048143217,4.148068976203598,-0.2458366597399042,0086_05C-G,-0.35222105655524844,-1.7347258852112413,-1.1304838314601182,1.2765243489408862,3.328162521588523,2.189321504316652
0086_01F,0086,F,MediumLowCa+HighAlphaD3,14,,,,,,,,,,,,,,,,,,,
0074_05C,0074,C,MediumHighCa,5,R21-00227,10.5,3.0,1.5,1.0,2.0,3.0,0074_05C-H,20211213_1,1.6560852555863654,7.4784240871017715,0.7811489572176313,0074_05C-G,0.6747645604022872,1.595629225686932,-0.21103758068807443,0.6264344414968066,0.33087788505428567,1.1575203687852844
0071_04F,0071,F,LowCa+MediumAlphaD3,2,,,,,,,,,,,,,,,,,,,
0081_04C,0081,C,LowCa+LowAlphaD3,9,R21-00227,10.0,3.0,2.5,0.5,3.5,0.5,0081_04C-H,20211213_1,1.6294045171803333,3.748633253439916,0.8350488679714871,0081_04C-G,0.728664471156143,-2.1341616079749235,-0.23771831909410657,0.6034622912926221,4.3898194620650735,1.1791263496975812
0070_05I,0070,I,LowCa,1,R21-00227,5.5,1.5,1.5,0.5,1.5,0.5,0070_05I-H,20211213_2,-2.081204625188878,1.735850725284788,-0.4504356574160439,0070_05I-G,0.5161265647853561,-0.5562414166557219,1.143219737253169,0.6992466951474354,1.470433374115622,0.4527480280883867
0076_04C,0076,C,HighCa,7,R21-00227,9.0,2.5,2.0,1.0,2.5,1.0,0076_04C-H,20220204_1,,,,0076_04C-G,,,,,,
0072_03F,0072,F,MediumLowCa,3,,,,,,,,,,,,,,,,,,,
0072_01I,0072,I,MediumLowCa,3,R21-00227,3.5,0.5,0.5,0.5,1.5,0.5,0072_01I-H,20220204_1,-4.451111771196437,-0.8828306756732296,-1.0559282564048331,0072_01I-G,-0.08936603420343303,-3.1749228176137394,-1.2266874087543904,1.063902567306305,9.03123206586718,2.3402901532699
0081_05I,0081,I,LowCa+LowAlphaD3,9,R21-00227,5.5,1.5,1.5,0.5,1.5,0.5,0081_05I-H,20211213_1,-0.8528258122600043,5.386790039944319,0.7600654241207039,0081_05I-G,1.726627646322104,3.0946978980038096,2.3715985501820427,0.3021574363805601,0.11705854055569695,0.1932313992369225
0083_06I,0083,I,LowCa+MK7,11,R21-00227,2.5,0.5,0.5,0.5,0.5,0.5,0083_06I-H,20211213_1,-1.363181938550266,3.219456950398424,0.513106544242472,0083_06I-G,1.4796687664438721,0.9273648084579142,1.861242423891781,0.3585711281921231,0.5258179113420006,0.27523914570830665
0071_03I,0071,I,LowCa+MediumAlphaD3,2,R21-00227,6.0,1.5,1.5,1.0,1.5,0.5,0071_03I-H,20211213_2,-0.8487721765908987,9.19472661238117,-0.1356741241916346,0071_03I-G,0.8308880980097655,6.9026344704406615,2.3756521858511483,0.5621830656741944,0.008357953975417122,0.19268922624147267
0076_04I,0076,I,HighCa,7,R21-00227,3.5,1.0,0.5,0.5,1.0,0.5,0076_04I-H,20220204_1,-1.417483345777022,6.287733572324324,0.5699792353715019,0076_04I-G,1.536541457572902,3.9956414303838144,1.806941016665025,0.34471083282588943,0.0626891061533706,0.2857962681471049
0070_01F,0070,F,LowCa,1,,,,,,,,,,,,,,,,,,,
0085_04C,0085,C,MediumLowCa+LowAlphaD3,13,R21-00227,15.5,4.0,3.5,1.5,4.0,2.5,0085_04C-H,20211213_2,1.3724864619962922,3.805728219383628,-1.896781970006172,0085_04C-G,-2.0031663668215165,-2.0770666420312116,-0.49463637427814766,4.008788673919146,4.21948417328926,1.4089655860415757
0085_03F,0085,F,MediumLowCa+LowAlphaD3,13,,,,,,,,,,,,,,,,,,,
0076_03C,0076,C,HighCa,7,R21-00227,8.5,3.5,2.0,0.5,2.0,0.5,0076_03C-H,20211213_1,0.8561271363056804,5.14005460042527,0.8124198260819249,0076_03C-G,0.7060354292665807,-0.7427402609895699,-1.0109956999687595,0.6130023759155898,1.6733511925099385,2.0153015140959982
0084_03F,0084,F,LowCa+MediumAlphaD3+MK7,12,,,,,,,,,,,,,,,,,,,
0070_03I,0070,I,LowCa,1,R21-00227,5.5,1.0,1.0,1.5,1.5,0.5,0070_03I-H,20220204_1,-6.61576517904259,-1.778532561208877,-1.2791822424427046,0070_03I-G,-0.31262002024130453,-4.070624703149386,-3.391340816600543,1.2419611286234127,16.802741138502206,10.4928946211009
0085_04F,0085,F,MediumLowCa+LowAlphaD3,13,,,,,,,,,,,,,,,,,,,
0084_03C,0084,C,LowCa+MediumAlphaD3+MK7,12,R21-00227,11.5,3.0,3.0,2.0,3.0,0.5,0084_03C-H,20211213_2,-0.6734835239449062,3.978774003909512,-0.3605582692795117,0084_03C-G,-0.4669426660948559,-1.9040208575053277,-2.5406063602193463,1.3821772765584333,3.742548098153735,5.818334983470008
0085_02I,0085,I,MediumLowCa+LowAlphaD3,13,R21-00227,4.0,1.0,1.0,0.5,1.0,0.5,0085_02I-H,20220204_1,-7.228838100548636,-1.9564416060863896,2.016995848177265,0085_02I-G,2.983558070378665,-4.248533748026899,-4.004413738106589,0.12643273333722516,19.007985663761,16.049024876371693
0084_01I,0084,I,LowCa+MediumAlphaD3+MK7,12,R21-00227,6.0,1.5,1.0,2.0,1.0,0.5,0084_01I-H,20211213_1,-0.633873437238119,4.961684420099608,0.5033689757013526,0084_01I-G,1.4699311979027527,2.6695922781590986,2.590550925203928,0.3609995145296419,0.15717108385486553,0.166022315339895
0082_04C,0082,C,LowCa+HighAlphaD3,10,R21-00227,14.0,3.0,4.5,0.5,2.5,3.5,0082_04C-H,20211213_1,3.6806355817452463,3.004472988059,0.2887468420173036,0082_04C-G,0.18236244520195938,-2.8783218733558393,1.8135127454708064,0.8812587333399636,7.35294336775426,0.28449737663279734
0085_05F,0085,F,MediumLowCa+LowAlphaD3,13,,,,,,,,,,,,,,,,,,,
0070_05C,0070,C,LowCa,1,R21-00227,10.0,2.0,3.0,1.0,2.5,1.5,0070_05C-H,20211213_1,4.374983235272893,7.16323005380201,0.6808857802962365,0070_05C-G,0.5745013834808923,1.2804351923871709,2.507860398998453,0.6715182978394983,0.4116713082737203,0.17581616184828625
0070_02I,0070,I,LowCa,1,R21-00227,5.0,1.5,1.0,0.5,1.5,0.5,0070_02I-H,20220204_1,,,,0070_02I-G,,,,,,
0085_05I,0085,I,MediumLowCa+LowAlphaD3,13,R21-00227,4.0,1.0,1.0,0.5,1.0,0.5,0085_05I-H,20211213_1,-0.7758076310695756,4.951366762484668,0.5491566294129946,0085_05I-G,1.5157188516143947,2.6592746205441578,2.4486167313724714,0.34972216692477076,0.15829914621605987,0.18318626841411337
0083_03I,0083,I,LowCa+MK7,11,R21-00227,4.0,1.5,1.0,0.5,1.0,0.0,0083_03I-H,20211213_1,-1.395442826552376,3.744047733839128,0.6342723213829764,0083_03I-G,1.6008345435843765,1.451955591898618,1.828981535889671,0.3296862117318539,0.36552561329877836,0.28146324877518786
0071_06C,0071,C,LowCa+MediumAlphaD3,2,R21-00227,10.5,3.5,2.0,1.0,2.5,1.5,0071_06C-H,20220204_1,2.422728616343967,-1.1523367974244323,0.6161777373644197,0071_06C-G,0.5097933405490755,-7.035131658839272,0.5556057800695273,0.7023230352189387,131.15524189215853,0.6803713139217805
0074_04C,0074,C,MediumHighCa,5,R21-00227,8.5,2.0,2.0,0.5,2.5,1.5,0074_04C-H,20211213_1,2.8754468026730926,6.928897137899579,0.7494017618859488,0074_04C-G,0.6430173650706046,1.0461022764847394,1.0083239663986527,0.6403722227463923,0.48427476187175467,0.49712343955393634
0083_01I,0083,I,LowCa+MK7,11,R21-00227,4.5,1.5,1.0,0.5,1.0,0.5,0083_01I-H,20220204_1,-0.6776129196187419,5.803353729354591,0.5630422555578178,0083_01I-G,1.529604477759218,3.5112615874140816,2.546811442823305,0.34637231375740746,0.08770107960061634,0.1711328418737476
0083_04I,0083,I,LowCa+MK7,11,R21-00227,7.5,2.0,2.5,0.5,2.0,0.5,0083_04I-H,20211213_1,-1.0816093751624614,3.976623570751194,0.6714849309640272,0083_04I-G,1.6380471531654273,1.684531428810684,2.1428149872795856,0.3212910830910896,0.3111039399925256,0.22643753247847667
0077_03F,0077,F,HighCa+MediumAlphaD3,8,,,,,,,,,,,,,,,,,,,
0070_02F,0070,F,LowCa,1,,,,,,,,,,,,,,,,,,,
0086_02I,0086,I,MediumLowCa+HighAlphaD3,14,R21-00227,3.5,1.0,0.5,0.5,1.5,0.0,0086_02I-H,20211213_1,-0.6448877883331186,2.277902576950453,0.5672187082334403,0086_02I-G,1.5337809304348404,-0.014189564990056969,2.5795365741089284,0.3453710517684547,1.0098839840379226,0.1672946745065913
0076_03I,0076,I,HighCa,7,R21-00227,4.0,1.5,0.5,0.5,1.0,0.5,0076_03I-H,20220204_1,-8.387676834278217,-3.1073633904187634,-2.34506671321252,0076_03I-G,-1.3785044910111197,-5.399455532359273,-5.16325247183617,2.599987146427746,42.2083208782001,35.83388282282179
0071_06I,0071,I,LowCa+MediumAlphaD3,2,R21-00227,3.5,0.5,1.0,0.5,1.0,0.5,0071_06I-H,20211213_2,-2.133049544588001,5.26618333106688,-0.1974433978029601,0071_06I-G,0.7691188243984399,2.9740911891263706,1.0913748178540459,0.5867757586578325,0.12726510560898743,0.46931392821039636
0084_06F,0084,F,LowCa+MediumAlphaD3+MK7,12,,,,,,,,,,,,,,,,,,,
0075_05I,0075,I,MediumHighCa+MediumAlphaD3,6,R21-00227,4.0,1.0,1.0,0.5,1.0,0.5,0075_05I-H,20211213_2,-1.599598102398236,6.200565608246695,-0.2666632606606818,0075_05I-G,0.6998989615407183,3.908473466306185,1.624826260043811,0.61561531948811,0.06659356262008562,0.32424893475504557
0086_04I,0086,I,MediumLowCa+HighAlphaD3,14,R21-00227,4.0,1.0,1.0,0.5,1.0,0.5,0086_04I-H,20211213_1,-1.161471733704886,4.783696829757901,0.4232917300548919,0086_04I-G,1.389853952256292,2.4916046878173908,2.062952628737161,0.3816034309853971,0.17780839084166647,0.23932572274148986
0074_03C,0074,C,MediumHighCa,5,R21-00227,10.5,3.0,2.0,1.0,3.0,1.5,0074_03C-H,20211213_1,3.240109110121388,6.555421165939354,0.8656145064253593,0074_03C-G,0.7592301096100151,0.6726263045245142,1.372986273846948,0.5908115316142835,0.6273635846740716,0.38609123989479166
0071_02I,0071,I,LowCa+MediumAlphaD3,2,R21-00227,4.0,1.0,1.0,0.5,1.0,0.5,0071_02I-H,20211213_2,-2.338284234867473,4.2788035981620105,-0.7078370278333992,0071_02I-G,0.2587251943680009,1.9867114562215007,0.8861401275745742,0.8358261525513015,0.25231336692274003,0.541059767098482
0084_02F,0084,F,LowCa+MediumAlphaD3+MK7,12,,,,,,,,,,,,,,,,,,,
0072_04C,0072,C,MediumLowCa,3,R21-00227,8.5,2.0,2.5,0.5,1.5,2.0,0072_04C-H,20211213_1,4.617052392559286,7.523453567539995,0.7028587914778974,0072_04C-G,0.5964743946625533,1.6406587061251559,2.7499295562848456,0.6613682095795416,0.3207100110861609,0.14865814785774076
0071_01I,0071,I,LowCa+MediumAlphaD3,2,R21-00227,4.5,1.0,1.0,0.5,1.5,0.5,0071_01I-H,20211213_2,-1.8472877790127669,6.070751007429713,-0.30820450360984,0071_01I-G,0.6583577185915601,3.7786588654892035,1.3771365834292801,0.6335991395973203,0.07286355190155826,0.38498213820244614
0082_04I,0082,I,LowCa+HighAlphaD3,10,R21-00227,6.5,2.0,2.0,0.5,1.5,0.5,0082_04I-H,20220204_1,-1.5855297791519831,4.856961407817845,0.7757052424483746,0082_04I-G,1.7422674646497747,2.5648692658773355,1.6388945832900639,0.2988995303653799,0.16900416825241754,0.32110241411728585
0074_05F,0074,F,MediumHighCa,5,,,,,,,,,,,,,,,,,,,
0083_02F,0083,F,LowCa+MK7,11,,,,,,,,,,,,,,,,,,,
0073_01F,0073,F,MediumLowCa+MediumAlphaD3,4,,,,,,,,,,,,,,,,,,,
0074_05I,0074,I,MediumHighCa,5,R21-00227,4.0,1.0,1.0,0.5,1.0,0.5,0074_05I-H,20211213_2,-2.3358991209679747,7.45815578401767,-0.7226901743417535,0074_05I-G,0.24387204785964656,5.166063642077161,0.8885252414740723,0.8444757803769605,0.027852224315419172,0.5401660071692387
0084_01F,0084,F,LowCa+MediumAlphaD3+MK7,12,,,,,,,,,,,,,,,,,,,
0075_06C,0075,C,MediumHighCa+MediumAlphaD3,6,R21-00227,12.5,3.0,3.0,2.0,2.5,2.0,0075_06C-H,20211213_1,0.4904078981205977,3.7467583103086746,0.4491816880647228,0075_06C-G,0.3427972912493786,-2.136036551106165,-1.3767149381538422,0.7885109575814688,4.395528230906454,2.596764060635133
0072_03C,0072,C,MediumLowCa,3,R21-00227,10.5,2.5,4.0,1.0,2.5,0.5,0072_03C-H,20211213_1,1.3856173293584924,4.959827728783164,0.6200920121869409,0072_03C-G,0.5137076153715967,-0.9229671326316753,-0.4815055069159475,0.7004200971060742,1.8960107349933832,1.396199893873044
0084_03I,0084,I,LowCa+MediumAlphaD3+MK7,12,R21-00227,2.0,0.5,0.5,0.5,0.5,0.0,0084_03I-H,20211213_1,-2.4118815607010777,3.0658203099271155,0.5052442658499174,0084_03I-G,1.4718064880513175,0.7737281679866057,0.8125428017409693,0.3605305734031636,0.5849040290234956,0.5693774248918013
0081_06C,0081,C,LowCa+LowAlphaD3,9,R21-00227,14.5,3.5,3.5,2.5,3.0,2.0,0081_06C-H,20211213_1,1.784153770138584,3.3048627405562065,0.422967156942132,0081_06C-G,0.31658276012678777,-2.577932120858633,-0.08296906613585597,0.8029695808801851,5.970832597499229,1.0591956234636524
0070_06C,0070,C,LowCa,1,R21-00227,10.0,2.0,2.0,1.5,3.5,1.0,0070_06C-H,20211213_1,2.7316380879554245,5.662328008613098,0.284131561863262,0070_06C-G,0.17774716504791777,-0.22046685280174128,0.8645152516809846,0.8840824545596917,1.1651105525713439,0.5492309185426331
0083_04C,0083,C,LowCa+MK7,11,R21-00227,13.5,4.0,4.0,1.0,3.0,1.5,0083_04C-H,20211213_2,-3.662341634867808,-1.5930763815324482,-1.506059360194424,0083_04C-G,-1.6124437570097683,-7.475871242947288,-5.529464471142248,3.05769340951359,178.01700408164413,46.18858585641958
0077_01I,0077,I,HighCa+MediumAlphaD3,8,R21-00227,5.5,1.5,1.5,0.5,1.5,0.5,0077_01I-H,20211213_2,-2.8492359525754907,2.920024063748233,-0.2831881829081943,0077_01I-G,0.6833740392932057,0.6279319218077233,0.3751884098665563,0.622707241108917,0.6471033621684034,0.7710047161759621
0077_02C,0077,C,HighCa+MediumAlphaD3,8,R21-00227,15.0,4.0,3.5,2.5,3.5,1.5,0077_02C-H,20211213_1,2.630760399983867,5.901654494405941,0.5967862973102775,0077_02C-G,0.4904019004949333,0.01885963299110127,0.763637563709427,0.7118267721817778,0.9870125725990655,0.5890093481377668
0085_06C,0085,C,MediumLowCa+LowAlphaD3,13,R21-00227,8.0,1.5,1.5,1.0,1.5,2.5,0085_06C-H,20211213_2,-0.9598577261680604,-0.0106096881061716,-0.420985668028063,0085_06C-G,-0.5273700648434072,-5.893404549521011,-2.8269805624425004,1.4412994082758523,59.44174441069038,7.09587483722578
0081_05C,0081,C,LowCa+LowAlphaD3,9,R21-00227,12.5,3.5,4.0,1.0,3.0,1.0,0081_05C-H,20211213_1,-3.964250509747277,-1.6849240849154905,0.9085257794566388,0081_05C-G,0.8021413826412946,-7.56771894633033,-5.831373346021717,0.5734973072084394,189.71881423654867,56.94010885443594
0074_01F,0074,F,MediumHighCa,5,,,,,,,,,,,,,,,,,,,
0084_04C,0084,C,LowCa+MediumAlphaD3+MK7,12,R21-00227,12.0,2.5,4.0,1.0,4.0,0.5,0084_04C-H,20211213_2,-0.2570828340754367,2.7034076913624823,-0.3297026207992246,0084_04C-G,-0.4360870176145688,-3.1793871700523573,-2.1242056703498764,1.3529298319242804,9.059222076344374,4.359629912623684
0074_03F,0074,F,MediumHighCa,5,,,,,,,,,,,,,,,,,,,
0074_01C,0074,C,MediumHighCa,5,R21-00227,8.0,1.5,1.5,1.0,2.0,2.0,0074_01C-H,20211213_1,-0.0013100108407435,8.912598282661428,-1.445142132595194,0074_01C-G,-1.5515265294105383,3.029803421246588,-1.8684328471151834,2.9312713577879626,0.12244422006735421,3.651357294739477
0083_03F,0083,F,LowCa+MK7,11,,,,,,,,,,,,,,,,,,,
0084_02I,0084,I,LowCa+MediumAlphaD3+MK7,12,R21-00227,4.5,1.0,0.5,1.5,1.5,0.0,0084_02I-H,20211213_1,-2.1033782558022462,1.6383646084907504,0.3748955750855529,0084_02I-G,1.341457797286953,-0.6537275334497594,1.1210461066398008,0.39462170176738354,1.5732277437675752,0.45976032950439494
0072_02C,0072,C,MediumLowCa,3,R21-00227,12.0,3.5,2.0,2.5,3.0,1.0,0072_02C-H,20211213_1,1.5693023874884844,6.866785526829702,0.6028276723369999,0072_02C-G,0.4964432755216556,0.9839906654148622,-0.2978204487859555,0.708852185871864,0.5055793116352473,1.2292858664478075
0073_04I,0073,I,MediumLowCa+MediumAlphaD3,4,R21-00227,3.5,1.0,0.5,0.5,1.0,0.5,0073_04I-H,20211213_2,-2.082624540258113,6.422513287867762,-0.148479430068722,0073_04I-G,0.8180827921326781,4.130421145927253,1.141799822183934,0.5671951918278897,0.05709779543985289,0.45319384663613105
0081_02C,0081,C,LowCa+LowAlphaD3,9,R21-00227,8.0,1.5,2.0,1.0,2.5,1.0,0081_02C-H,20220204_1,-7.657675431624593,-2.042101589141652,3.1164296615754825,0081_02C-G,3.010045264760138,-7.924896450556492,-9.524798267899033,0.12413266718861136,243.01413999628727,736.630982626172
0076_03F,0076,F,HighCa,7,,,,,,,,,,,,,,,,,,,
0075_01I,0075,I,MediumHighCa+MediumAlphaD3,6,R21-00227,4.0,1.0,1.0,0.5,1.0,0.5,0075_01I-H,20211213_2,-1.5952311672405628,6.85887776579823,-0.5278153460512804,0075_01I-G,0.43874687615011965,4.5667856238577205,1.6291931952014842,0.7377751613752158,0.04219495649586084,0.32326894025362213
0072_06F,0072,F,MediumLowCa,3,,,,,,,,,,,,,,,,,,,
0082_06F,0082,F,LowCa+HighAlphaD3,10,,,,,,,,,,,,,,,,,,,
0082_01F,0082,F,LowCa+HighAlphaD3,10,,,,,,,,,,,,,,,,,,,
0072_04F,0072,F,MediumLowCa,3,,,,,,,,,,,,,,,,,,,
0075_06I,0075,I,MediumHighCa+MediumAlphaD3,6,R21-00227,4.0,1.0,1.0,0.5,1.0,0.5,0075_06I-H,,,,,,,,,,,
0081_02I,0081,I,LowCa+LowAlphaD3,9,R21-00227,6.5,2.0,1.5,0.5,2.0,0.5,0081_02I-H,20220204_1,-6.672234709831344,-2.607235945903481,2.782364653234847,0081_02I-G,3.748926875436247,-4.89932808784399,-3.4478103473892974,0.07438075099270551,29.843153520308647,10.911748157189185
0071_03F,0071,F,LowCa+MediumAlphaD3,2,,,,,,,,,,,,,,,,,,,
0075_02C,0075,C,MediumHighCa+MediumAlphaD3,6,R21-00227,7.0,3.0,1.5,0.5,1.5,0.5,0075_02C-H,20211213_1,0.6341961957005999,6.549433236779997,0.2005420813887504,0075_02C-G,0.09415768457340619,0.6666383753651575,-1.23292664057384,0.9368190482497162,0.6299728786170585,2.3504331369096993
0082_06I,0082,I,LowCa+HighAlphaD3,10,R21-00227,6.0,1.5,1.5,1.0,1.5,0.5,0082_06I-H,20220204_1,-1.597903230560739,4.26513433911942,0.6418326574099904,0082_06I-G,1.6083948796113905,1.9730421971789105,1.626521131881308,0.32796303470153826,0.2547153489127689,0.3238682321892984
0086_04F,0086,F,MediumLowCa+HighAlphaD3,14,,,,,,,,,,,,,,,,,,,
0075_06F,0075,F,MediumHighCa+MediumAlphaD3,6,,,,,,,,,,,,,,,,,,,
0074_04I,0074,I,MediumHighCa,5,R21-00227,5.0,1.5,1.0,0.5,1.5,0.5,0074_04I-H,20220204_1,-0.5013831939872304,7.619620146126671,-1.2207233695257145,0074_04I-G,-0.2541611473243144,5.327528004186162,2.7230411684548166,1.192642081596283,0.024903149054497153,0.15145476060960256
